{
  "Total" : {
    "transaction" : "Total",
    "sampleCount" : 860,
    "errorCount" : 17,
    "errorPct" : 1.9767442,
    "meanResTime" : 4.660465116279068,
    "medianResTime" : 4.0,
    "minResTime" : 1.0,
    "maxResTime" : 54.0,
    "pct1ResTime" : 6.0,
    "pct2ResTime" : 7.0,
    "pct3ResTime" : 31.45999999999981,
    "throughput" : 43.50025290844714,
    "receivedKBytesPerSec" : 65.02315692969145,
    "sentKBytesPerSec" : 23.3890917425392
  },
  "CrearProductAlmacen" : {
    "transaction" : "CrearProductAlmacen",
    "sampleCount" : 10,
    "errorCount" : 1,
    "errorPct" : 10.0,
    "meanResTime" : 9.400000000000002,
    "medianResTime" : 5.0,
    "minResTime" : 4.0,
    "maxResTime" : 49.0,
    "pct1ResTime" : 45.000000000000014,
    "pct2ResTime" : 49.0,
    "pct3ResTime" : 49.0,
    "throughput" : 13.736263736263735,
    "receivedKBytesPerSec" : 6.116929945054945,
    "sentKBytesPerSec" : 8.585164835164836
  },
  "CrearOrden" : {
    "transaction" : "CrearOrden",
    "sampleCount" : 450,
    "errorCount" : 10,
    "errorPct" : 2.2222223,
    "meanResTime" : 5.906666666666668,
    "medianResTime" : 5.0,
    "minResTime" : 3.0,
    "maxResTime" : 54.0,
    "pct1ResTime" : 7.0,
    "pct2ResTime" : 8.0,
    "pct3ResTime" : 40.49000000000001,
    "throughput" : 45.367476560137106,
    "receivedKBytesPerSec" : 33.848390714789794,
    "sentKBytesPerSec" : 41.025667279967735
  },
  "ViewProducto" : {
    "transaction" : "ViewProducto",
    "sampleCount" : 400,
    "errorCount" : 6,
    "errorPct" : 1.5,
    "meanResTime" : 3.1399999999999983,
    "medianResTime" : 3.0,
    "minResTime" : 1.0,
    "maxResTime" : 49.0,
    "pct1ResTime" : 4.0,
    "pct2ResTime" : 4.0,
    "pct3ResTime" : 13.960000000000036,
    "throughput" : 20.232675771370765,
    "receivedKBytesPerSec" : 47.81550328780981,
    "sentKBytesPerSec" : 2.489567526555387
  }
}